date;ticker;sector;title;content;sentiment
03/05/21 02:00;LVMH MOËT HENNESSY LOUIS VUITTON SE (MC);Textile Habillement Accessoires;LVMH MOËT HENNESSY LOUIS VUITTON SE MC Surges on ECB Decision with Strong Growth Ahead;"As the European Central Bank announced on April 22, it has decided to maintain its key interest rate at 0.00%, providing a boost to the economic recovery in the eurozone, where LVMH MOËT HENNESSY LOUIS VUITTON SE (MC) generates a significant portion of its revenue. The ECB's decision to keep borrowing costs low is expected to support consumer spending, with the eurozone's trade surplus reaching €23.4 billion in March, up from €18.7 billion in the same period last year. The stable currency level, with the euro trading at around 1.20 against the US dollar, is also expected to support LVMH MOËT HENNESSY LOUIS VUITTON SE (MC)'s export markets.

The ECB's decision is having a direct impact on LVMH MOËT HENNESSY LOUIS VUITTON SE (MC), as the company's geographic exposure to the European market is significant, with a large portion of its sales coming from the region. The low interest rate environment is making it easier for LVMH MOËT HENNESSY LOUIS VUITTON SE (MC) to finance its operations and invest in new projects, which is supporting the company's steady linear growth. Additionally, the stable currency level is reducing the company's import costs, particularly for luxury goods, which is helping to maintain profitability. As a result, LVMH MOËT HENNESSY LOUIS VUITTON SE (MC) is well-positioned to continue its expansion in the textile, habilitement, and accessories sector, with its current stock price of €220.55 reflecting the company's strong fundamentals.

As the news of the ECB's decision spreads, the market is reacting positively to LVMH MOËT HENNESSY LOUIS VUITTON SE (MC), with the company's stock price likely to rise further, potentially reaching the upper end of its simulation price range of €285.01. Analysts are expecting LVMH MOËT HENNESSY LOUIS VUITTON SE (MC) to continue its growth trajectory, driven by strong demand for its luxury products and a favorable economic environment. With its solid financial foundation and strategic position in the market, LVMH MOËT HENNESSY LOUIS VUITTON SE (MC) is poised to capitalize on the opportunities presented by the ECB's decision, and its stock price is likely to surge, surpassing €250, as the company continues to deliver strong results and expand its market share, with a potential upside of over 20% from its current level, and a lower bound of €214.37, providing a solid foundation for further growth.";positive
08/03/21 01:00;LVMH MOËT HENNESSY LOUIS VUITTON SE (MC);Textile Habillement Accessoires;LVMH MOËT HENNESSY LOUIS VUITTON SE (MC) Surges to New Heights with New CEO at the Helm;"As of today, 2021-03-08, LVMH MOËT HENNESSY LOUIS VUITTON SE (MC) has announced the departure of its Chief Executive Officer, a 20-year veteran of the sector, who had been at the helm since 2018. This move comes as the company appoints a former executive from a rival group as the new CEO, marking a significant shift in leadership. The newly appointed CEO brings a wealth of experience in driving growth and expansion, having previously led a major textile company to significant success.

This change in leadership is expected to have a profound impact on LVMH MOËT HENNESSY LOUIS VUITTON SE (MC)'s strategy, as the company looks to build on its stable growth trajectory. With a current stock price of €233.30, within the simulation price range of €214.37 – €285.01, the company is well-positioned to accelerate its growth plans. The new CEO is expected to drive a push for innovation and digital transformation, while maintaining the company's commitment to cost discipline. This approach is likely to resonate with investors, who have come to expect steady linear growth from LVMH MOËT HENNESSY LOUIS VUITTON SE (MC).

The market reaction to this news has been decidedly positive, with shareholders expressing confidence in the new CEO's ability to lead LVMH MOËT HENNESSY LOUIS VUITTON SE (MC) to even greater heights. As the company continues to navigate its steady growth trajectory, investors are eager to see the impact of the new CEO's strategy. With its strong foundation and experienced leadership, LVMH MOËT HENNESSY LOUIS VUITTON SE (MC) is poised for continued success, and its current stock price reflects the market's optimism about its future prospects.";positive
29/05/21 02:00;LVMH MOËT HENNESSY LOUIS VUITTON SE (MC);Textile Habillement Accessoires;LVMH MOËT HENNESSY LOUIS VUITTON SE Leads With Strategic Restructuring Plan To Boost Growth And Deliver Long Term Gain;"As of today, May 29, 2021, LVMH MOËT HENNESSY LOUIS VUITTON SE (MC) has announced a restructuring plan that will eliminate approximately 500 roles, representing about 1% of the company's total workforce, over the next 12 months. This move is seen as a strategic decision to further optimize operations and enhance efficiency, reflective of the company's disciplined approach to growth. The cuts are part of a broader effort to streamline processes and invest in emerging technologies, positioning LVMH MOËT HENNESSY LOUIS VUITTON SE (MC) for continued success in the competitive textile and accessories market.

The official rationale behind this restructuring is centered on achieving a cost reduction target of €100 million, which will be reinvested in automation and digital transformation initiatives. This strategic pivot is in line with LVMH MOËT HENNESSY LOUIS VUITTON SE (MC)'s stable growth profile, as the company seeks to build on its momentum and maintain its competitive edge. The divisions most affected by the restructuring will be the company's European manufacturing operations, particularly in France and Italy, where LVMH MOËT HENNESSY LOUIS VUITTON SE (MC) has a significant presence. By streamlining these operations, the company aims to improve productivity and responsiveness to changing market conditions, while also enhancing its commitment to sustainability and quality.

The expected financial impact of this restructuring is a one-time charge of €50 million, which will be incurred in the current fiscal year. However, LVMH MOËT HENNESSY LOUIS VUITTON SE (MC) anticipates achieving annual savings of €75 million, starting from 2022. As the news breaks, the company's stock price is trading at €254.67, within its recent range of €214.37 to €285.01. Analysts view this move as a positive development, reflecting LVMH MOËT HENNESSY LOUIS VUITTON SE (MC)'s proactive approach to managing its operations and investing in its future growth. The market reaction is expected to remain favorable, as investors appreciate the company's disciplined strategy and commitment to delivering long-term value.";positive
09/04/21 02:00;LVMH MOËT HENNESSY LOUIS VUITTON SE (MC);Textile Habillement Accessoires;LVMH MOËT HENNESSY LOUIS VUITTON SE (MC) Slumps as Crisis Looms with 1200 Job Losses;"LVMH MOËT HENNESSY LOUIS VUITTON SE (MC) has just announced that it will be eliminating 1,200 roles, representing approximately 2% of its total workforce, over the next 12 months. This move is particularly striking given the company's steady linear growth trajectory, which had led investors to expect continued expansion. The layoffs, which will be felt across various divisions, are a stark reminder that even the most successful companies are not immune to the need for periodic restructuring.

According to LVMH MOËT HENNESSY LOUIS VUITTON SE (MC), the official rationale behind this decision is a desire to reduce costs and improve efficiency, particularly in its textile and accessories segments. The company had previously invested in automation and process optimization, and these layoffs are seen as a necessary step to align its workforce with its new operational structure. The affected divisions will primarily be those with significant manufacturing operations, where the company believes it can achieve the greatest cost savings. Given LVMH MOËT HENNESSY LOUIS VUITTON SE (MC)'s stable growth profile, this move is likely intended to safeguard its competitive position and maintain profitability in the face of evolving market conditions.

The expected financial impact of this restructuring is a one-time charge of €150 million, which will be absorbed in the current fiscal year. LVMH MOËT HENNESSY LOUIS VUITTON SE (MC) anticipates that these layoffs will yield annual savings of €80 million, starting from 2023. As the news breaks, LVMH MOËT HENNESSY LOUIS VUITTON SE (MC)'s stock price is currently trading at €242.48, within its recent range of €214.37 to €285.01. Analysts are closely watching the company's moves, and their reactions will be crucial in determining the market's response to this announcement. With the company's stock price already reflecting a degree of uncertainty, the next few trading sessions will be crucial in determining the ultimate impact of this restructuring on LVMH MOËT HENNESSY LOUIS VUITTON SE (MC)'s valuation.";negative
08/02/21 01:00;LVMH MOËT HENNESSY LOUIS VUITTON SE (MC);Textile Habillement Accessoires;LVMH MOËT HENNESSY LOUIS VUITTON SE (MC) Faces Decline Fears as Retail Sales Slump;"According to the latest report from Eurostat, the euro zone's retail sales fell to 2.4% in December, down from 4.5% in November, indicating a slowdown in consumer spending. This decline in retail sales, which had been steadily rising until the end of 2020, has significant implications for the textile and apparel sector, where LVMH MOËT HENNESSY LOUIS VUITTON SE (MC) operates. As the largest luxury goods company in the world, LVMH MOËT HENNESSY LOUIS VUITTON SE (MC) is highly sensitive to changes in consumer demand.

The contraction in retail sales is likely to directly affect LVMH MOËT HENNESSY LOUIS VUITTON SE (MC)'s sales, as consumers become more cautious about discretionary spending. The decline in consumer confidence, which had been supporting the steady linear growth of LVMH MOËT HENNESSY LOUIS VUITTON SE (MC)'s stock price, which is currently trading at €257.77, within the range of €214.37 – €285.01, is now under pressure. Higher input costs, particularly for luxury materials, and a stronger euro may also erode LVMH MOËT HENNESSY LOUIS VUITTON SE (MC)'s profit margins, making it more challenging for the company to maintain its growth momentum.

The implications for LVMH MOËT HENNESSY LOUIS VUITTON SE (MC) are clearly negative, as the company's margins are likely to contract due to softening demand and rising costs. With consumer spending slowing down, LVMH MOËT HENNESSY LOUIS VUITTON SE (MC) may need to adjust its pricing strategy and operational costs to mitigate the impact of declining sales. As the stock market reacts to this new information, LVMH MOËT HENNESSY LOUIS VUITTON SE (MC)'s stock price may come under pressure, potentially falling towards the lower end of its current range, which could have significant implications for investors who have been betting on the company's continued growth.";negative
10/02/21 01:00;LVMH MOËT HENNESSY LOUIS VUITTON SE (MC);Textile Habillement Accessoires;LVMH MOËT HENNESSY LOUIS VUITTON SE (MC) Stock Falls Amid Leadership Crisis Fears;"LVMH MOËT HENNESSY LOUIS VUITTON SE (MC) is currently witnessing a significant change in its leadership, as the company's Chief Executive Officer, a 20-year veteran of the sector, has departed and been replaced by a former executive from a rival group. This change, which was announced earlier today, marks a new era for LVMH MOËT HENNESSY LOUIS VUITTON SE (MC) as it continues to navigate the competitive textile and accessories market. The newly appointed CEO is expected to bring a fresh perspective to the company, having previously overseen a successful turnaround at another major fashion house.

The appointment of the new CEO is likely to signal a shift in LVMH MOËT HENNESSY LOUIS VUITTON SE (MC)'s strategy, as the company seeks to build on its steady linear growth in recent years. With a focus on cost discipline and operational efficiency, the new CEO is expected to drive margins higher, while also investing in key areas such as digital marketing and e-commerce. This approach is likely to resonate with investors, who have come to expect stable growth from LVMH MOËT HENNESSY LOUIS VUITTON SE (MC), and will be keen to see the company continue to deliver on its promises. As the stock price currently stands at €250.29, within the simulation price range of €214.37 – €285.01, all eyes will be on the new CEO to deliver on the company's growth ambitions.

However, the market reaction to the leadership change has been clearly negative, with some investors expressing concerns about the potential disruption to LVMH MOËT HENNESSY LOUIS VUITTON SE (MC)'s steady growth trajectory. An activist investor, who has been building a stake in the company in recent months, is now pushing for more radical changes, including a renewed focus on shareholder returns and a potential overhaul of the company's board composition. As the situation continues to unfold, LVMH MOËT HENNESSY LOUIS VUITTON SE (MC) will need to navigate these challenges carefully, in order to reassure investors and maintain its position as a leader in the textile and accessories sector. With the stock price under pressure, the company's management team will be under close scrutiny to deliver on their promises and drive long-term value for shareholders.";negative
01/05/21 02:00;L'ORÉAL (OR);Chimie Pharmacie Cosmétiques;L'ORÉAL (OR) Surges Ahead with Strong Growth Prospects Amid Stable Economic Landscape;"According to the latest release from Eurostat, the euro zone's Consumer Price Index rose to 1.6% in April, marking a slight increase from the previous month. This indicator is particularly relevant to L'ORÉAL (OR)'s operating environment, as it signals a moderate level of inflation that could impact consumer spending habits. As of today, with L'ORÉAL (OR) trading at €283.18, the company is poised to benefit from this stable economic landscape.

The moderate inflation rate has a direct impact on L'ORÉAL (OR)'s sector, as it affects consumer demand for cosmetics and personal care products. With input costs remaining relatively stable, L'ORÉAL (OR) is able to maintain its pricing power, which is essential for the company's profit margins. Furthermore, the current borrowing conditions in the euro zone, with interest rates at historic lows, allow L'ORÉAL (OR) to invest in research and development, as well as expand its operations in key markets. The company's export competitiveness also remains strong, driven by the euro's stable exchange rate, which enables L'ORÉAL (OR) to maintain its market share in key international markets.

The current macroeconomic environment has a positive implication for L'ORÉAL (OR), as the company is well-positioned to benefit from the stable growth in consumer demand. With its strong brand portfolio and diversified product range, L'ORÉAL (OR) is expected to see its margins expand, driven by increasing sales volumes and stable input costs. As the company's stock price remains within the range of €250.14 to €290.43, L'ORÉAL (OR) is poised to continue its steady linear growth, driven by its ability to adapt to the evolving consumer landscape and maintain its competitive edge in the cosmetics and personal care market. With its solid financial foundation, L'ORÉAL (OR) is well-equipped to capitalize on the positive trends in the sector, driving long-term growth and value creation for its shareholders.";positive
18/04/21 02:00;L'ORÉAL (OR);Chimie Pharmacie Cosmétiques;L'ORÉAL (OR) Soars to New Heights with Record 12% Quarterly Earnings Surge;"L'ORÉAL (OR) has just reported a significant increase in its quarterly earnings, with a notable rise of 12% year-over-year, reaching €2.85 billion for the first quarter of FY2021. This impressive result is consistent with the company's steady linear growth trend, and it has been well-received by investors, with the stock currently trading at €272.44. The earnings figure exceeds the upper boundary of the simulation price range, indicating a strong performance that is likely to boost investor confidence in L'ORÉAL (OR).

The strong quarterly earnings can be attributed to the company's successful product launches and its ability to adapt to changing consumer preferences. Compared to analyst expectations, L'ORÉAL (OR)'s results are notably stronger, with many experts predicting a 9% increase in earnings. The year-over-year comparison shows a significant improvement from the same period in FY2020, when the company reported €2.55 billion in earnings. The cosmetic industry has been highly competitive, but L'ORÉAL (OR) has managed to maintain its market share and even gain ground in certain segments, thanks to its diversified portfolio of brands and its commitment to innovation.

As a result of this positive earnings report, the outlook for L'ORÉAL (OR) remains extremely positive, with the company poised to continue its growth trajectory. With a strong foundation in place, L'ORÉAL (OR) is well-positioned to capitalize on emerging trends and opportunities in the cosmetic market. The current stock price of €272.44 reflects the market's confidence in the company's ability to deliver sustained growth and profitability. As L'ORÉAL (OR) looks to the future, it is likely to continue to invest in research and development, expand its product offerings, and strengthen its position as a leader in the cosmetic industry, driving further growth and returns for shareholders.";positive
23/01/21 01:00;L'ORÉAL (OR);Chimie Pharmacie Cosmétiques;L'ORÉAL (OR) Surges to New Heights on Strong European Growth Prospects;"As the European Central Bank announced a maintenance of its benchmark interest rate at 0% on January 21, 2021, the euro has been stabilizing against major currencies, currently trading at around 1.21 against the US dollar. This decision has significant implications for multinational corporations operating in the European region, including L'ORÉAL (OR), the French cosmetics giant. The stable interest rate environment has allowed L'ORÉAL (OR) to forecast its financials with increased precision, given its substantial European operations.

The ECB's decision directly affects L'ORÉAL (OR) due to its considerable exposure to the European market, which accounts for a substantial portion of its sales. With a significant portion of its products being exported to other European countries, the stable euro exchange rate ensures that L'ORÉAL (OR)'s export markets remain competitive. Furthermore, the company's import costs for raw materials and packaging are also cushioned by the stable currency, allowing it to maintain its profit margins. As a major player in the cosmetics industry, L'ORÉAL (OR) benefits from the favorable financing conditions, enabling it to invest in research and development, as well as expand its distribution networks across the continent.

As a result of this positive economic backdrop, L'ORÉAL (OR) is currently witnessing a surge in investor confidence, with its stock price now at €267.59, well within its recent simulation price range of €250.14 – €290.43. Market analysts are overwhelmingly bullish on L'ORÉAL (OR), predicting a continued uptrend in its stock price, driven by the company's steady linear growth trajectory and its ability to capitalize on the favorable European economic environment. With L'ORÉAL (OR) poised to leverage the stable interest rate regime and the resultant economic stability, its stock is likely to experience a significant upward momentum, making it an attractive investment opportunity for investors seeking to benefit from the company's enduring growth prospects.";positive
22/04/21 02:00;L'ORÉAL (OR);Chimie Pharmacie Cosmétiques;L'ORÉAL (OR) Stock Falls as CEO Departure Sparks Crisis Fears;"As of today, 2021-04-22, L'ORÉAL (OR) has announced the departure of its CEO, a 20-year veteran of the sector, who had been at the helm since 2018. The board of directors has appointed a former executive from a rival group as the new CEO, effective immediately. This sudden change in leadership has sparked interest in the market, as L'ORÉAL (OR) had been experiencing steady linear growth, with its stock price currently trading at €279.51, within the simulation price range of €250.14 – €290.43.

The new CEO is expected to bring a fresh perspective to L'ORÉAL (OR)'s strategy, with a focus on cost discipline and operational efficiency. This shift is likely to impact the company's growth acceleration plans, as the new leadership may prioritize profitability over expansion. Given L'ORÉAL (OR)'s stable growth profile, the market will be watching closely to see how this new approach unfolds. The company's steady performance had been a hallmark of its success, and any significant changes to its strategy will be scrutinized by investors and analysts alike.

The market reaction to this news has been clearly negative, with shareholders expressing concerns about the impact of the leadership change on L'ORÉAL (OR)'s long-term strategy. An activist investor, who had been building a stake in the company over the past quarter, has disclosed its holdings and is pushing for significant changes to the company's board composition and governance structure. The investor is seeking to appoint new independent directors and is advocating for a more aggressive approach to mergers and acquisitions, which could potentially disrupt L'ORÉAL (OR)'s stable growth trajectory. As the stock price reacts to this news, it remains to be seen how L'ORÉAL (OR) will navigate this period of transition and uncertainty.";negative
08/05/21 02:00;L'ORÉAL (OR);Chimie Pharmacie Cosmétiques;L'ORÉAL (OR) Stock Falls as Quarterly Earnings Drop Amid Fears of Slowing Growth;"L'ORÉAL (OR) has just announced a disappointing quarterly earnings figure of €2.35 per share, falling short of expectations and marking a rare setback for the cosmetics giant. This result, which corresponds to a revenue of approximately €7.8 billion for the first quarter of FY2021, is likely to have contributed to the current stock price of €286.93. The revenue guidance update provided by L'ORÉAL (OR) also indicates a slower growth pace than anticipated, with management citing increased competition in the skincare segment as a key factor.

In the context of the company's historical performance, this earnings miss is all the more significant, as L'ORÉAL (OR) has consistently demonstrated steady linear growth in recent years. Compared to the same period in FY2020, the company's revenue has increased by only 2%, a far cry from the 5% year-over-year growth that analysts had expected. The market forces at play, including a surge in demand for niche and sustainable beauty products, have likely eroded L'ORÉAL (OR)'s market share, which now stands at 12.1% in the global cosmetics market, down from 12.5% in FY2020. As the beauty industry continues to evolve, L'ORÉAL (OR) will need to adapt its strategy to regain its momentum.

As the news breaks, the market reaction is decidedly negative, with investors expressing concerns about L'ORÉAL (OR)'s ability to maintain its growth trajectory. The current stock price of €286.93 reflects the market's diminished expectations, and it remains to be seen how the company will address the challenges ahead. With a pricing power that is being increasingly tested by the rise of e-commerce and direct-to-consumer sales, L'ORÉAL (OR) will need to reassess its strategy to restore investor confidence and protect its €250.14 - €290.43 stock price range. The company's outlook for the remainder of FY2021 is now more uncertain than ever, and the market will be closely watching L'ORÉAL (OR)'s next moves to gauge its ability to navigate this difficult environment.";negative
22/05/21 02:00;L'ORÉAL (OR);Chimie Pharmacie Cosmétiques;L'ORÉAL (OR) Earnings Drop 5% as Crisis Fears Intensify;"L'ORÉAL (OR) has just announced a disappointing quarterly earnings figure of €2.43 billion for the first quarter of FY2021, a significant drop from the same period in FY2020. This result is particularly concerning given that the current stock price of L'ORÉAL (OR) is hovering around €289.43, within its typical trading range of €250.14 to €290.43. The earnings shortfall is a stark reminder that even steady growth companies like L'ORÉAL (OR) are not immune to market pressures.

In context, this quarterly earnings figure represents a 5% decline year-over-year, and falls short of analyst expectations by approximately 3%. The decline can be attributed to increased competition in the cosmetics market, particularly in the skincare segment, where L'ORÉAL (OR) has traditionally held a strong position. Furthermore, the company's efforts to expand its product portfolio and strengthen its e-commerce platform have yet to yield significant returns, as evidenced by the underwhelming sales performance in the first quarter of FY2021. This downturn is a departure from L'ORÉAL (OR)'s historical trend of stable linear growth, and raises questions about the company's ability to maintain its market share in the face of intensifying competition.

As the news of L'ORÉAL (OR)'s lackluster earnings spreads, the market is reacting with dismay, and the company's outlook appears increasingly bleak. With L'ORÉAL (OR) struggling to regain its footing, investors are growing increasingly pessimistic about the company's prospects, and the current stock price of €289.43 may be subject to downward pressure in the coming days. The decline in quarterly earnings is a clear indication that L'ORÉAL (OR) is facing significant challenges, and the company will need to reassess its strategy to restore growth and regain investor confidence.";negative
24/06/21 02:00;HERMÈS INTERNATIONAL (RMS);Textile Habillement Accessoires;HERMÈS INTERNATIONAL (RMS) Surges Ahead with Ambitious Hiring Plan to Boost Growth;"As the market witnesses a slight uptick, with HERMÈS INTERNATIONAL (RMS)'s stock currently trading at €313.54, the company is embarking on an ambitious hiring plan, aiming to fill over 500 new positions across its textile and accessory divisions over the next 18 months. This significant expansion underscores HERMÈS INTERNATIONAL (RMS)'s confidence in its steady linear growth trajectory, which has been a hallmark of the company's performance to date. The move is expected to boost the company's capabilities, driving further innovation and excellence in its core business areas.

The business rationale behind this hiring push is rooted in HERMÈS INTERNATIONAL (RMS)'s strategy to capitalize on the increasing demand for high-quality textile and fashion products. By expanding its workforce, the company aims to enhance its design, production, and distribution capabilities, thereby solidifying its position in the market. This move is closely tied to HERMÈS INTERNATIONAL (RMS)'s stable growth profile, which has been characterized by a steady increase in sales and revenue over the past few years. With the company's stock price remaining within a stable range of €240.64 to €326.40, investors have shown confidence in HERMÈS INTERNATIONAL (RMS)'s long-term prospects, and this hiring plan is expected to further bolster that confidence.

The new hiring initiative will focus on key locations, including Paris, Milan, and New York, with a range of roles available, from skilled artisans to marketing and sales professionals. HERMÈS INTERNATIONAL (RMS) is offering attractive hiring incentives, including competitive salaries, comprehensive training programs, and flexible working arrangements. As the company continues to execute its growth strategy, this expansion is expected to have a strategic implication for HERMÈS INTERNATIONAL (RMS), enabling it to stay ahead of the competition, drive innovation, and maintain its position as a leader in the textile and accessory industry. With its strong brand heritage and commitment to excellence, HERMÈS INTERNATIONAL (RMS) is poised to leverage this hiring push to drive further growth and success.";positive
17/06/21 02:00;HERMÈS INTERNATIONAL (RMS);Textile Habillement Accessoires;HERMÈS INTERNATIONAL (RMS) Surges to Record Growth with Strong Quarterly Earnings;"HERMÈS INTERNATIONAL (RMS) has just announced a quarterly earnings figure of €1.23 billion, surpassing expectations and solidifying its position in the textile habillement accessoires sector. This impressive result is reflected in the company's current stock price of €309.05, as investors react positively to the news. The earnings figure represents a significant increase, with operating margins expanding to 34.5%, driven by strong sales of the company's iconic leather goods and accessories.

In comparison to the same quarter in FY2020, HERMÈS INTERNATIONAL (RMS) has seen a notable improvement in its financial performance, with revenue growth of 12.6% year-over-year. This outcome exceeds analyst expectations, which had anticipated a more modest increase of 9.5%. The company's ability to navigate the challenging market landscape and maintain its competitive edge can be attributed to its successful strategy of focusing on high-quality products and exceptional customer service. As a result, HERMÈS INTERNATIONAL (RMS) has managed to maintain its market share, with sales of its signature Birkin and Kelly handbags remaining robust.

As the market reacts to this positive news, HERMÈS INTERNATIONAL (RMS) is well-positioned for continued growth, with the company's outlook remaining upbeat. With a strong brand portfolio and a loyal customer base, HERMÈS INTERNATIONAL (RMS) is expected to continue driving sales and expanding its presence in the global market. The company's commitment to innovation and excellence is likely to support its stable growth trajectory, and investors are taking notice, as evidenced by the current stock price of €309.05. As HERMÈS INTERNATIONAL (RMS) looks to the future, it is clear that the company is poised for long-term success, with its dedication to quality and craftsmanship remaining at the forefront of its strategy.";positive
22/04/21 02:00;HERMÈS INTERNATIONAL (RMS);Textile Habillement Accessoires;Hermès International Surges to New Heights with Record 12.5% Growth in Quarterly Earnings;"HERMÈS INTERNATIONAL (RMS) has just announced a remarkable quarterly earnings figure, with net sales reaching €2.33 billion for the first quarter of FY2021, marking a significant 12.5% increase from the same period in FY2020. This impressive result has been largely driven by the strong performance of the company's textile and accessory divisions, with notable growth in the Asian market. As the news breaks, HERMÈS INTERNATIONAL (RMS) stock is currently trading at €293.16, reflecting the market's positive reception of the announcement.

In context, this result exceeds analyst expectations, which had predicted a 9% year-over-year increase. The outperformance can be attributed to the company's successful strategy of combining traditional craftsmanship with modern designs, as well as its ability to adapt to shifting consumer preferences. HERMÈS INTERNATIONAL (RMS) has consistently demonstrated its resilience in the face of market fluctuations, and this latest earnings report reinforces its position as a leader in the textile and accessory sector. The company's steady linear growth trajectory, which has been a hallmark of its performance in recent years, shows no signs of abating, with the current stock price of €293.16 underscoring the market's confidence in its prospects.

As the market reacts to this positive news, HERMÈS INTERNATIONAL (RMS) is poised to continue its upward trajectory, with investors expressing optimism about the company's future prospects. With its strong brand reputation, commitment to quality, and ability to innovate, HERMÈS INTERNATIONAL (RMS) is well-positioned to capitalize on growing demand for luxury goods. As the company looks to the rest of FY2021, its outlook remains decidedly positive, with expectations of continued growth and expansion into new markets. With its stock trading at €293.16, HERMÈS INTERNATIONAL (RMS) is cementing its status as a stalwart of the textile and accessory industry, and investors are taking notice of its enduring appeal.";positive
27/04/21 02:00;HERMÈS INTERNATIONAL (RMS);Textile Habillement Accessoires;HERMÈS INTERNATIONAL (RMS) Stock Faces Crisis as Hiring Spree Sparks Fears of Decline;"HERMÈS INTERNATIONAL (RMS) is embarking on a significant hiring initiative, aiming to fill approximately 500 roles within its textile and accessory divisions over the next 18 months. This move comes as the company seeks to bolster its capacity and offset recent operational challenges, despite its stock price standing at €298.33. The scale of this expansion may raise concerns among investors, given the company's typically steady linear growth trajectory, and the fact that its stock price is currently hovering near the lower end of its recent simulation price range of €240.64 – €326.40.

The rationale behind this hiring push lies in HERMÈS INTERNATIONAL (RMS)'s efforts to maintain its market momentum, particularly in the face of evolving consumer demands and shifting market trends. As a leader in the textile and accessory sector, the company has been adapting to these changes by investing in new product lines and refining its operational efficiency. This expansion is a strategic response to the company's stable growth profile, aiming to ensure that HERMÈS INTERNATIONAL (RMS) remains competitive and poised for continued success. By bolstering its workforce, the company is positioning itself to capitalize on emerging opportunities and navigate potential challenges in the market.

The hiring drive will focus on key locations, including Paris and Milan, with a emphasis on recruiting skilled artisans, designers, and production specialists. HERMÈS INTERNATIONAL (RMS) is offering attractive incentives, including signing bonuses and comprehensive training programs, to attract top talent. The company is also exploring remote work options to tap into a broader pool of candidates. As HERMÈS INTERNATIONAL (RMS) moves forward with this expansion, it is clear that the company is committed to its long-term growth strategy, and this significant investment in its workforce will be crucial in driving its future success, with the company's market presence and revenue growth likely to remain a key focus for investors, particularly as the stock price continues to fluctuate within its current range.";negative
18/04/21 02:00;HERMÈS INTERNATIONAL (RMS);Textile Habillement Accessoires;Hermès International (RMS) Earnings Crash 12% in Disappointing Quarterly Slump;"HERMÈS INTERNATIONAL (RMS) has just announced a disappointing quarterly earnings figure of €280 million for the first quarter of FY2021, a 12% decline from the same period in FY2020. This underwhelming result is likely to raise concerns among investors, as the luxury textile and accessories market was expected to show more resilience. With the current stock price hovering around €289.39, investors are closely watching the company's performance, and this earnings miss may lead to a reevaluation of their investment thesis.

In context, this decline in quarterly earnings is a significant departure from the steady linear growth HERMÈS INTERNATIONAL (RMS) has exhibited in the past. Year-over-year, the company's sales have consistently increased, but the current market forces, including intense competition in the luxury goods sector and changing consumer preferences, seem to be taking a toll. Analysts had expected HERMÈS INTERNATIONAL (RMS) to report earnings of at least €310 million, given the company's strong brand reputation and historically stable growth. However, it appears that the company has struggled to meet these expectations, likely due to factors such as decreased demand for certain product lines and increased marketing expenses.

As the news of the disappointing earnings spreads, the market reaction is decidedly negative. HERMÈS INTERNATIONAL (RMS) is facing a critical test of its ability to adapt to shifting market conditions and maintain its position as a leader in the luxury textile and accessories sector. With the stock price already under pressure, the company's outlook for the remainder of FY2021 will be closely scrutinized. Unless HERMÈS INTERNATIONAL (RMS) can demonstrate a clear plan to reverse this decline and restore growth, investors may lose confidence, leading to a further decline in the stock price, potentially even below the recent trading range, which has been as low as €240.64 and as high as €326.40.";negative
14/05/21 02:00;HERMÈS INTERNATIONAL (RMS);Textile Habillement Accessoires;Hermès International (RMS) Stock Plunges as Company Announces 500 Job Cuts Amidst Restructuring Crisis;"As the market watches, HERMÈS INTERNATIONAL (RMS) has just announced a significant restructuring effort, eliminating 500 roles, which accounts for roughly 2% of its total workforce, to be completed within the next 12 months. This move sends a somber signal to investors, as the company, known for its steady linear growth, takes a step to adjust its operations. The layoffs, although relatively small in proportion to the company's size, come as a surprise given HERMÈS INTERNATIONAL (RMS)'s historically stable growth trajectory, now faltering under the pressure of a challenging market environment.

According to the official statement, the motivation behind this restructuring is a strategic pivot towards more automated processes and a renewed focus on core business segments, aiming to reduce costs and enhance operational efficiency. This shift is particularly pronounced in the textile division, where HERMÈS INTERNATIONAL (RMS) seeks to leverage technology to streamline production and maintain its competitive edge. Given the company's stable growth profile up until this point, the decision to restructure suggests a proactive approach to navigating potential market downturns, though it may undermine the confidence of investors who have come to expect consistent expansion from HERMÈS INTERNATIONAL (RMS).

The financial implications of this restructuring are significant, with HERMÈS INTERNATIONAL (RMS) anticipating one-time charges of up to €50 million, which will be incurred over the next two quarters. However, the company expects these efforts to yield annual savings of approximately €20 million, starting from 2023. As news of the layoffs broke, HERMÈS INTERNATIONAL (RMS)'s stock price reacted, currently trading at €300.91, within the simulation price range of €240.64 – €326.40. Analysts are closely watching the situation, weighing the potential long-term benefits of this restructuring against the immediate negative impact on employee morale and market perception, as HERMÈS INTERNATIONAL (RMS) navigates this critical period in its history.";negative
08/04/21 02:00;TOTALENERGIES SE (TTE);Energie et Produits de base;TOTALENERGIES SE (TTE) Surges to New Heights as Lower Interest Rates Fuel Strong Growth and Record Gains;"As the European Central Bank announced its decision to lower interest rates to 0.5% on April 1, the energy sector is experiencing a significant shift. This move is expected to have far-reaching implications for companies operating in the region, particularly those with a strong presence in the energy market, such as TOTALENERGIES SE (TTE). The lowering of interest rates is seen as a proactive measure to stimulate economic growth and stabilize the financial markets, with the euro currently trading at 1.0810 against the dollar.

The decision by the European Central Bank to reduce interest rates is having a direct impact on TOTALENERGIES SE (TTE), given its substantial operations in Europe and its significant reliance on the region for its revenue. As a major player in the energy sector, TOTALENERGIES SE (TTE) is well-positioned to benefit from the increased economic activity and lower borrowing costs, which will enable the company to finance its operations and invest in new projects at a lower cost. With a current stock price of €282.51, TOTALENERGIES SE (TTE) is poised to capitalize on the favorable market conditions, with its stock price expected to remain within the simulation price range of €255.33 – €331.61.

The market is reacting positively to the news, with analysts predicting a surge in demand for energy commodities as the economy experiences a boost. As a result, TOTALENERGIES SE (TTE) is expected to see a significant increase in its revenue and profitability, driven by the increased economic activity and the company's strategic positioning in the energy market. With its steady linear growth profile, TOTALENERGIES SE (TTE) is well-placed to capitalize on the opportunities arising from the European Central Bank's decision, and investors are likely to remain bullish on the stock, pushing its price higher as the company continues to deliver strong performance and growth.";positive
28/08/21 02:00;TOTALENERGIES SE (TTE);Energie et Produits de base;TOTALENERGIES SE (TTE) Soars to New Heights with Strategic Restructuring Boost;"As TOTALENERGIES SE (TTE) continues to navigate its steady linear growth, the company announced today that it will be eliminating approximately 1,500 roles, representing about 2% of its total workforce, over the next 12 months. This disciplined approach to streamlining its operations is a testament to TOTALENERGIES SE (TTE)'s commitment to maintaining its competitive edge, even as its stock price hovers around €325.92, well within its recent range of €255.33 to €331.61. This move is seen as a strategic decision to optimize its workforce, allowing the company to focus on high-growth areas and improve overall efficiency.

The official rationale behind this restructuring effort is centered on TOTALENERGIES SE (TTE)'s goal to reduce costs and invest in automation, enabling the company to better respond to evolving market conditions. As a leader in the energy sector, TOTALENERGIES SE (TTE) has been leveraging its stable growth to make targeted investments in key areas, including renewable energy and digital transformation. The divisions most affected by this restructuring are expected to be those with the greatest potential for automation and process improvement, primarily in the company's upstream and downstream operations. By streamlining these areas, TOTALENERGIES SE (TTE) aims to maintain its position as a major player in the energy market, while continuing to drive growth and innovation.

The expected financial impact of this restructuring is anticipated to be approximately €200 million in one-time charges, which will be largely offset by annual savings of around €150 million. The company expects to complete this process within the next 18 months, with the majority of the restructuring charges being incurred in the first year. As news of the restructuring broke, the market reacted positively, with analysts viewing the move as a sign of TOTALENERGIES SE (TTE)'s commitment to disciplined growth and long-term sustainability. With its stock price remaining stable, TOTALENERGIES SE (TTE) is well-positioned to continue its trajectory of steady growth, driven by its focus on operational efficiency and strategic investments in key areas.";positive
06/03/21 01:00;TOTALENERGIES SE (TTE);Energie et Produits de base;TOTALENERGIES SE (TTE) Surges to New Heights on ECB Decision Boost;"As the European Central Bank announced a decision to maintain its benchmark interest rate at 0.00% on February 25, 2021, the energy sector is experiencing a significant shift. This decision has sent ripples throughout the global economy, particularly in the European region where TOTALENERGIES SE (TTE) operates. The euro, which has been trading at around 1.20 against the US dollar, is expected to remain stable, with the ECB citing a trade surplus of €20 billion in January 2021 as a key factor in its decision.

The ECB's move is having a direct impact on TOTALENERGIES SE (TTE), given its significant exposure to the European market. As a leading energy company, TOTALENERGIES SE (TTE) relies heavily on stable financing conditions to support its operations. With the ECB's decision to maintain low interest rates, TOTALENERGIES SE (TTE) is poised to benefit from reduced borrowing costs, which will enable the company to invest in its core energy and basic products segment. Additionally, the stable euro will help TOTALENERGIES SE (TTE) to better manage its import costs, as the company sources a significant portion of its raw materials from international markets.

As the news breaks, TOTALENERGIES SE (TTE) is surging, with its stock price currently trading at €286.88, well within its simulation price range of €255.33 – €331.61. Analysts are reacting positively to the news, citing the company's strong fundamentals and stable growth profile. With the ECB's decision providing a boost to the European economy, TOTALENERGIES SE (TTE) is expected to continue its upward trajectory, driven by its solid business model and favorable market conditions. The company's steady linear growth is set to accelerate, with investors increasingly bullish on TOTALENERGIES SE (TTE)'s prospects, sending its stock soaring to new heights.";positive
30/01/21 01:00;TOTALENERGIES SE (TTE);Energie et Produits de base;TOTALENERGIES SE (TTE) Stock Faces Crisis as Hiring Spree Fails to Offset Looming Decline;"As the market witnesses a slight fluctuation, with TOTALENERGIES SE (TTE)'s stock price currently at €283.70, the company has announced plans to fill 500 new positions in its energy production division over the next 12 months. This move, although significant, seems more like a cautious attempt to bolster its workforce rather than a confident expansion, given the company's typically steady linear growth trajectory. The hiring spree, which was finalized earlier this week, aims to address the capacity constraints that TOTALENERGIES SE (TTE) faced in the latter half of 2020.

The business rationale behind this expansion is rooted in TOTALENERGIES SE (TTE)'s efforts to capitalize on the growing demand for renewable energy sources, which has been a key driver of the company's stable growth. By investing in its energy production division, TOTALENERGIES SE (TTE) seeks to diversify its portfolio and increase its market share in the sector. This strategic move is expected to enhance the company's competitiveness and drive long-term growth, aligning with its overall business strategy. The expansion is also expected to have a positive impact on the company's bottom line, potentially boosting its revenue and profitability in the coming years.

The new positions will be spread across various locations, including Paris, Lyon, and Bordeaux, with a focus on hiring experienced professionals in fields such as engineering, operations, and project management. TOTALENERGIES SE (TTE) is offering competitive salaries, ranging from €50,000 to €100,000 per annum, as well as signing bonuses of up to €10,000, to attract top talent. The company is also providing remote work options and comprehensive training programs to support the professional development of its new employees. As TOTALENERGIES SE (TTE) moves forward with its hiring plans, the company's stock price, which is currently trading within a simulation price range of €255.33 to €331.61, is likely to remain stable, reflecting the company's ongoing commitment to driving growth and expansion in the energy sector.";negative
15/07/21 02:00;TOTALENERGIES SE (TTE);Energie et Produits de base;TOTALENERGIES SE (TTE) Stock Plummets Amid Fears of Sharp Decline;"As the European Central Bank announced its decision to keep interest rates at 0% on July 8, the implications for the energy sector, particularly for TOTALENERGIES SE (TTE), are becoming increasingly evident. With the euro currently trading at around 1.18 against the US dollar, the ECB's move is expected to influence trade dynamics and financing conditions for European companies. The recent trade surplus of €20.6 billion in the eurozone may also have a bearing on TOTALENERGIES SE (TTE)'s export-oriented business.

TOTALENERGIES SE (TTE) is heavily exposed to the European market, with a significant portion of its revenue generated from exports. As a major player in the energy sector, the company's financing conditions and import costs are closely tied to the ECB's monetary policy decisions. The current interest rate environment is affecting TOTALENERGIES SE (TTE)'s ability to secure favorable financing for its projects, which could impact its growth prospects. With the company's stock price currently at €320.78, within the simulation price range of €255.33 – €331.61, investors are closely watching the developments in the European energy market.

As the news of the ECB's decision continues to unfold, market sentiment is turning increasingly bearish for TOTALENERGIES SE (TTE). The company's shares are plummeting, with investors dumping the stock on concerns over the potential impact of the ECB's decision on TOTALENERGIES SE (TTE)'s bottom line. Analysts are now predicting a sharp downturn in the company's fortunes, with some warning that TOTALENERGIES SE (TTE) could be in for a rude awakening as the reality of the ECB's decision sets in. The negative outlook is being reinforced by the company's existing vulnerabilities, leading to a perfect storm that is threatening to upend TOTALENERGIES SE (TTE)'s stable growth trajectory.";negative
11/07/21 02:00;TOTALENERGIES SE (TTE);Energie et Produits de base;TOTALENERGIES SE (TTE) Stock Falls as Company Announces Major Job Cut in Crisis Restructuring Move;"TOTALENERGIES SE (TTE) has announced a significant restructuring effort, eliminating 1,500 roles, which accounts for approximately 5% of its total workforce, over the next 12 months. This move comes as a negative signal, contrasting with the company's historically steady linear growth, and may indicate underlying challenges. The layoffs, which were decided upon in recent weeks, will largely affect the company's refining and petrochemical divisions, suggesting a response to evolving market conditions.

According to TOTALENERGIES SE (TTE), the official rationale behind this restructuring is to reduce costs and invest in automation, aiming to enhance operational efficiency. This strategic pivot is supposedly in line with the company's efforts to maintain its stable growth profile, despite the current market context. The most affected divisions will be those related to conventional energy production, which have faced increasing pressure due to changing global demand patterns. TOTALENERGIES SE (TTE) had been exploring ways to optimize its operations, and this move is seen as a necessary step to ensure the company's long-term sustainability.

The expected financial impact of this restructuring will include one-time charges of approximately €150 million, which will be accounted for in the current fiscal year. However, TOTALENERGIES SE (TTE) expects to achieve annual savings of around €100 million once the process is complete. As the news broke, the company's stock price dropped to €321.89, within its recent trading range of €255.33 – €331.61. Analysts are closely watching the situation, with some suggesting that this move may be a necessary evil for TOTALENERGIES SE (TTE) to maintain its competitive edge in the energy sector. The market reaction will likely continue to unfold in the coming days, as investors assess the implications of this restructuring on the company's future prospects.";negative
12/05/21 02:00;SANOFI (SAN);Chimie Pharmacie Cosmétiques;SANOFI Surges to Record Earnings as Q1 Growth Soars;"SANOFI (SAN) has just announced a significant quarterly earnings figure, with its Q1 FY2021 earnings reaching €4.2 billion, a substantial increase that underscores the company's steady linear growth. This impressive result is likely to bolster investor confidence in SANOFI (SAN), particularly as its stock price currently stands at €171.58. The earnings figure is a testament to the company's robust product portfolio and strategic decisions, which have yielded a positive impact on its bottom line.

In comparison to the same period in FY2020, SANOFI (SAN)'s Q1 earnings have shown a marked improvement, surpassing analyst expectations. The year-over-year increase can be attributed to the company's successful navigation of the competitive pharmaceutical landscape, as well as its ability to adapt to evolving market forces. SANOFI (SAN)'s strong performance is also a reflection of its well-executed pricing strategy, which has enabled the company to maintain a stable revenue stream. As the company continues to expand its product offerings and explore new markets, its growth trajectory is likely to remain positive.

As the news of SANOFI (SAN)'s impressive Q1 earnings spreads, the market is reacting positively, with the company's stock price poised to potentially reach new highs within the range of €169.26 to €253.97. Looking ahead, SANOFI (SAN) is well-positioned to maintain its growth momentum, driven by its commitment to innovation and customer satisfaction. With its solid foundation and strategic vision, SANOFI (SAN) is expected to continue delivering strong financial results, further reinforcing its position as a leader in the pharmaceutical industry. As investors respond to this positive news, SANOFI (SAN) is likely to experience sustained growth, underscoring its reputation as a stable and reliable investment opportunity.";positive
04/10/21 02:00;SANOFI (SAN);Chimie Pharmacie Cosmétiques;SANOFI Surges Ahead with Record Hiring Boost to Fuel Further Growth;"As of today, October 4, 2021, SANOFI (SAN) has announced a significant expansion of its workforce, with plans to hire over 200 new employees in the field of research and development over the next 12 months. This move is a testament to the company's confidence in its stable linear growth trajectory, which has been consistently reflected in its stock price, currently trading at €180.71, well within its simulation price range of €169.26 – €253.97. This bold hiring initiative underscores SANOFI (SAN)'s commitment to driving innovation and maintaining its position as a leader in the Chimie Pharmacie Cosmétiques sector.

The business rationale behind this expansion is rooted in SANOFI (SAN)'s strategic decision to invest in new product lines and technologies, which has been a key driver of its stable growth. By bolstering its research and development capabilities, the company aims to capitalize on emerging trends and opportunities in the pharmaceutical and cosmetics markets. This move is expected to further reinforce SANOFI (SAN)'s market profile, which has been characterized by steady linear growth, and is likely to have a positive impact on its stock price. With its strong financial foundation and solid market position, SANOFI (SAN) is well-positioned to absorb the costs associated with this expansion, which is expected to be offset by increased revenue and profitability in the long term.

The new hires will be spread across various locations, including SANOFI (SAN)'s headquarters and research facilities in France. The company is looking to recruit talented professionals in fields such as biotechnology, chemistry, and pharmacology, offering competitive salaries, signing bonuses, and comprehensive training programs. Additionally, SANOFI (SAN) is open to remote work arrangements, providing flexibility and work-life balance to its employees. This strategic expansion is expected to have a profound impact on SANOFI (SAN)'s capabilities, enabling the company to drive innovation, improve efficiency, and maintain its competitive edge in the market. As the company continues to execute its growth strategy, investors can expect SANOFI (SAN) to remain a key player in the Chimie Pharmacie Cosmétiques sector, with a strong potential for long-term growth and returns.";positive
03/06/21 02:00;SANOFI (SAN);Chimie Pharmacie Cosmétiques;SANOFI Soars to New Heights as ECB Decision Boosts Stock Price to Record Gain;"As the European Central Bank announced on May 28, 2021, that it would maintain its refinancing rate at a record low of 0.00%, the eurozone economy is experiencing a surge in growth, with the euro hovering around 1.22 against the US dollar. This decision is expected to have far-reaching implications for companies operating in the region, particularly those in the pharmaceutical sector like SANOFI (SAN). The ECB's decision to keep interest rates low is aimed at stimulating economic growth, which is good news for SANOFI (SAN) as it operates in a region that is expected to see increased demand for healthcare services.

The maintainance of low interest rates by the European Central Bank is having a direct impact on SANOFI (SAN) as it operates in a sector that is heavily reliant on export markets. With the euro at a relatively stable level, SANOFI (SAN) is benefiting from increased competitiveness in its export markets, particularly in the United States and emerging economies in Asia. Additionally, the low interest rates are also reducing SANOFI (SAN)'s financing costs, allowing the company to invest more in research and development, which is crucial for its long-term growth. As a leading player in the pharmaceutical sector, SANOFI (SAN) is well-positioned to take advantage of the growing demand for healthcare services in Europe and beyond.

As the news of the ECB's decision breaks, SANOFI (SAN) is seeing its stock price rise, currently trading at €174.63, with some analysts predicting that it could reach as high as €253.97 in the short term. With its steady linear growth profile, SANOFI (SAN) is an attractive investment opportunity, and the current market conditions are only adding to its appeal. As investors become increasingly bullish on the company's prospects, SANOFI (SAN) is experiencing a significant surge in buying interest, with its stock price expected to continue rising in the coming days, potentially reaching the upper end of its simulation price range, and cementing its position as a leader in the pharmaceutical sector.";positive
13/07/21 02:00;SANOFI (SAN);Chimie Pharmacie Cosmétiques;SANOFI (SAN) Shares Plummet as Quarterly Earnings Drop 12% Amid Growing Crisis;"SANOFI (SAN) has just announced a disappointing quarterly earnings figure, with a net income of €1.35 billion for the second quarter of FY2021, a significant drop from the same period last year. This result is particularly noteworthy given the current stock price of SANOFI (SAN) at €178.05, and the fact that the company's revenue has been steadily growing in recent years. The decline in earnings is largely attributed to increased research and development expenses, as well as higher raw material costs.

The year-over-year comparison reveals a 12% decline in net income, which is below analyst expectations of a 5% decrease. This underperformance can be attributed to the intense competition in the pharmaceutical industry, particularly in the European market, where SANOFI (SAN) has a significant presence. The company's pricing strategy has also been affected by the ongoing COVID-19 pandemic, which has led to changes in consumer behavior and government policies. Furthermore, the market share of SANOFI (SAN) has been impacted by the rise of generic drugs and the increasing popularity of alternative therapies.

The outlook for SANOFI (SAN) looks bleak, with the company's revenue guidance for the remainder of FY2021 being revised downwards. The market reaction to this news has been negative, with investors expressing concerns about the company's ability to maintain its steady growth trajectory. As a result, the stock price of SANOFI (SAN) is likely to remain under pressure, at least in the short term, given the current price of €178.05. The company's management will need to take decisive action to address the underlying issues and restore investor confidence in SANOFI (SAN).";negative
04/02/21 01:00;SANOFI (SAN);Chimie Pharmacie Cosmétiques;SANOFI (SAN) Stock Plunges as CEO Crisis Sparks Fears of Sharp Decline;"SANOFI (SAN) is facing a significant change in its leadership as its Chief Executive Officer, a 20-year veteran of the sector, has announced his departure effective immediately, with a former executive from a rival group set to take the helm. This sudden change comes as SANOFI (SAN) has been experiencing steady linear growth, with its stock price currently sitting at €200.47, well within its recent price range of €169.26 – €253.97. The new CEO is expected to bring a fresh perspective to the company, but the abrupt nature of the transition has raised eyebrows among investors.

The change in leadership is likely to signal a shift in SANOFI (SAN)'s strategy, with the new CEO expected to focus on a growth acceleration agenda, building on the company's stable growth profile. This could involve increased investment in research and development, as well as a push for strategic acquisitions to expand the company's portfolio. However, with the company's stock price having fluctuated within a relatively narrow range, it remains to be seen how the market will react to this new direction. As SANOFI (SAN) looks to build on its momentum, the new CEO will need to balance the need for growth with the need for cost discipline, all while maintaining the company's steady trajectory.

As the news of the CEO's departure and successor's appointment breaks, the market reaction is decidedly negative, with shareholders expressing concerns about the timing and implications of the change. With SANOFI (SAN)'s stock price currently at €200.47, investors are bracing for potential volatility, and some are even speculating that the stock could slide towards the lower end of its recent range, potentially as low as €169.26. Meanwhile, an activist investor, who has been building a stake in SANOFI (SAN) in recent months, is pushing for significant changes, including a overhaul of the company's board composition and a more aggressive approach to cost-cutting, adding to the uncertainty surrounding the company's future direction.";negative
05/08/21 02:00;SANOFI (SAN);Chimie Pharmacie Cosmétiques;SANOFI (SAN) Stock Falls as CFO Departure Sparks Crisis Fears;"In a significant governance shake-up, SANOFI (SAN) announced earlier today the departure of its CFO, a 20-year veteran of the sector, who had been instrumental in shaping the company's financial strategy. This move comes as SANOFI (SAN) appoints a new CFO, a former executive from a rival group, who is expected to bring a fresh perspective to the role. The change is effective immediately, with the outgoing CFO having formally stepped down as of the end of the previous trading day.

This leadership change is likely to have a profound impact on SANOFI (SAN)'s strategic direction, as the company seeks to build on its stable growth trajectory. With a current stock price of €184.80, SANOFI (SAN) has been a beacon of stability in the Chimie Pharmacie Cosmétiques sector, consistently delivering solid financial performance within the simulation price range of €169.26 – €253.97. The new CFO is expected to drive a shift toward greater cost discipline, aiming to optimize the company's operations and improve profitability. This move is seen as a key component of SANOFI (SAN)'s growth acceleration strategy, which seeks to leverage the company's strong market position to drive expansion and innovation.

However, the market reaction to this news has been decidedly negative, with shareholders expressing concerns about the potential disruption to SANOFI (SAN)'s stable growth profile. An activist investor, who has been building a stake in the company, is now calling for more sweeping changes, including a comprehensive review of SANOFI (SAN)'s corporate governance structure and a push for greater transparency in the company's decision-making processes. As the situation continues to unfold, one thing is clear: the future of SANOFI (SAN) will be shaped by the interplay between its leadership, its strategy, and the demands of its shareholders.";negative
17/09/21 02:00;AIRBUS SE (AIR);Aéronautique Espace Armement;AIRBUS SE (AIR) Surges Ahead with Record Hiring Plan to Fuel Growth and Innovation;"As the market witnesses a steady uptrend, with AIRBUS SE (AIR)'s stock price currently standing at €337.72, the company is embarking on an ambitious hiring plan. Over the next 18 months, AIRBUS SE (AIR) aims to fill approximately 1,000 new roles across its aeronautics and space divisions. This significant expansion underscores the company's confidence in its growth trajectory, as it seeks to capitalize on emerging opportunities in the aerospace sector. The hiring push is poised to bolster AIRBUS SE (AIR)'s capabilities, driving innovation and reinforcing its position as a leader in the industry.

The rationale behind this substantial investment in human capital is rooted in AIRBUS SE (AIR)'s strategy to diversify its product portfolio and enhance its technological prowess. With a stable growth profile, AIRBUS SE (AIR) has been exploring new avenues for expansion, including the development of sustainable aviation solutions and next-generation spacecraft. The recent surge in demand for eco-friendly and technologically advanced aerospace products has created a favorable market environment, allowing AIRBUS SE (AIR) to leverage its expertise and consolidate its market presence. As the company continues to navigate this growth phase, its stock price has been trading within a promising range of €249.54 to €379.80, reflecting investor confidence in its prospects.

The new hires will be distributed across various locations, including Toulouse, Hamburg, and Madrid, with a focus on recruiting talented engineers, researchers, and technicians. AIRBUS SE (AIR) is offering competitive signing bonuses, flexible remote work options, and comprehensive training programs to attract top talent. The company is particularly keen on recruiting specialists in artificial intelligence, cybersecurity, and materials science, who will play a crucial role in shaping the future of aerospace innovation. As AIRBUS SE (AIR) expands its workforce, it is poised to reinforce its strategic position, driving growth and innovation in the aerospace sector, and further solidifying its reputation as a pioneer in the industry.";positive
22/08/21 02:00;AIRBUS SE (AIR);Aéronautique Espace Armement;AIRBUS SE (AIR) Soars Ahead with Strategic Restructuring Set to Boost Growth and Profitability;"As of today, August 22, 2021, AIRBUS SE (AIR) has announced a significant restructuring effort, eliminating approximately 3,500 roles, which accounts for around 3.2% of its total workforce, with the majority of the cuts expected to be implemented over the next 12 to 18 months. This move is seen as a disciplined approach to optimizing the company's operations, particularly in light of AIRBUS SE (AIR)'s steady linear growth trajectory. By streamlining its workforce, the company aims to enhance its overall efficiency and competitiveness in the aeronautics sector.

The official rationale behind this restructuring is centered on AIRBUS SE (AIR)'s strategic pivot towards investing in automation and digital transformation, while also responding to evolving market conditions. This move is intended to reduce costs and improve the company's profitability, aligning with its stable growth market profile. The divisions most affected by the layoffs are primarily in the manufacturing and support functions, particularly in regions where operational efficiencies can be significantly improved. By embracing automation and cutting unnecessary costs, AIRBUS SE (AIR) is poised to reinforce its position in the industry, potentially driving future growth.

The expected financial impact of this restructuring is substantial, with estimated one-time charges of around €450 million to be incurred over the next two years. However, AIRBUS SE (AIR) anticipates achieving annual savings of approximately €200 million by 2023, which should contribute positively to its bottom line. As the news breaks, the market reaction is cautiously optimistic, with AIRBUS SE (AIR)'s stock price currently trading at €294.60, well within its recent price range of €249.54 to €379.80. Analysts are likely to view this move as a sign of the company's proactive approach to managing its costs and adapting to the evolving landscape of the aeronautics industry, potentially leading to a positive outlook for AIRBUS SE (AIR)'s future performance.";positive
24/02/21 01:00;AIRBUS SE (AIR);Aéronautique Espace Armement;AIRBUS SE (AIR) Surges to Record Earnings with Strong Quarterly Growth;"AIRBUS SE (AIR) has just announced a significant quarterly earnings figure, with a net income of €2.5 billion for the fourth quarter of FY2020, exceeding previous expectations. This result is particularly noteworthy given the current market context, with the company's stock price standing at €269.57. The strong earnings are a testament to AIRBUS SE's (AIR) ability to maintain its growth trajectory, despite the challenges posed by the ongoing pandemic.

In comparison to the same period in FY2019, AIRBUS SE (AIR) has seen a notable increase in revenue, driven by a surge in demand for its commercial aircraft. The company's year-over-year growth is a reflection of its strategic efforts to expand its market share and improve operational efficiency. Analysts had expected a positive performance from AIRBUS SE (AIR), but the actual results have surpassed expectations, demonstrating the company's resilience in the face of adversity. The aerospace industry as a whole has been experiencing a gradual recovery, and AIRBUS SE (AIR) is well-positioned to capitalize on this trend.

As the news of the strong quarterly earnings spreads, the market is reacting positively, with investors expressing confidence in AIRBUS SE's (AIR) ability to sustain its growth momentum. With a solid foundation in place, the company is poised to continue its upward trajectory, driven by its commitment to innovation and customer satisfaction. As the market continues to evolve, AIRBUS SE (AIR) is well-equipped to navigate the challenges and opportunities that lie ahead, with its stock price currently at €269.57 reflecting the company's stable growth prospects. The outlook for AIRBUS SE (AIR) remains decidedly positive, with the company's strategic guidance indicating a continued focus on expansion and improvement, setting the stage for a promising future.";positive
27/03/21 01:00;AIRBUS SE (AIR);Aéronautique Espace Armement;AIRBUS SE (AIR) Faces Slump as Eurozone Manufacturing Crisis Deepens;"The European Central Bank released its latest economic bulletin earlier today, revealing that the eurozone's manufacturing PMI contracted for the 18th consecutive month, falling to 47.6, a figure that indicates a decline in production and new orders. This downward trend has significant implications for companies operating in the aerospace and defense sector, particularly AIRBUS SE (AIR), which has been experiencing steady linear growth in recent years. As of today, AIRBUS SE (AIR) trades at €286.29, within its recent price range of €249.54 – €379.80.

The ongoing contraction in manufacturing activity, as signaled by the ECB's bulletin, directly affects AIRBUS SE (AIR)'s sector by softening consumer demand and increasing input costs. With the eurozone's manufacturing sector struggling to gain traction, airlines and other customers of AIRBUS SE (AIR) may be less likely to place new orders, opting instead to defer or cancel existing contracts. Furthermore, the elevated input costs resulting from supply chain disruptions and increased raw material prices may erode AIRBUS SE (AIR)'s profit margins, making it more challenging for the company to maintain its growth trajectory.

The implications for AIRBUS SE (AIR) are clear: the company's margins are likely to contract in the coming months, and demand for its products may soften. As the manufacturing sector continues to struggle, AIRBUS SE (AIR) may face significant headwinds, including reduced orders and increased costs. With its stock price currently at €286.29, investors are likely to remain cautious, and the company's growth prospects may be reassessed in light of the deteriorating macroeconomic environment. As a result, AIRBUS SE (AIR) may need to adapt its strategy to navigate these challenges and maintain its position in the market.";negative
13/06/21 02:00;AIRBUS SE (AIR);Aéronautique Espace Armement;AIRBUS SE (AIR) Falls as Eurozone Manufacturing Slump Sparks Fears of Earnings Decline;"According to the latest release from Eurostat, the eurozone's manufacturing PMI fell to 54.6 in May, down from 55.1 in April, indicating a slowdown in the region's industrial activity. This contraction is relevant to AIRBUS SE (AIR)'s operating environment, as the company's production and delivery of aircraft are closely tied to the overall health of the manufacturing sector. Prior to this release, economists had been predicting a stable growth trajectory for the industry, but this latest figure suggests that AIRBUS SE (AIR) may face challenges in the coming months.

The decline in manufacturing PMI is likely to affect AIRBUS SE (AIR)'s sector in several ways. Weaker demand from manufacturers for air travel and transportation could lead to reduced orders for new aircraft, which in turn could impact AIRBUS SE (AIR)'s production volumes and revenue. Additionally, the slowdown in industrial activity could also lead to increased competition for limited orders, forcing AIRBUS SE (AIR) to negotiate lower prices and potentially squeezing its profit margins. As of now, AIRBUS SE (AIR)'s stock price is at €312.57, which is within its recent price range of €249.54 to €379.80, indicating that investors are still assessing the company's prospects amidst this changing economic landscape.

The implications for AIRBUS SE (AIR) are clearly negative, as the company's margins are likely to contract in the face of weak demand and increased competition. With the manufacturing PMI indicating a slowdown in industrial activity, AIRBUS SE (AIR) can expect demand for its aircraft to soften, leading to reduced sales and revenue. As a result, the company's growth trajectory, which had been steadily upward, is now at risk of being derailed. As the sector continues to evolve, AIRBUS SE (AIR) will need to adapt to these changing conditions in order to mitigate the impact on its business and maintain its position in the market.";negative
19/08/21 02:00;AIRBUS SE (AIR);Aéronautique Espace Armement;AIRBUS SE Falls Behind as Hiring Spree Fails to Quell Growth Crisis Fears;"As AIRBUS SE (AIR) scrambles to regain momentum, the company has announced plans to fill a modest 500 roles in its aeronautics division over the next 12 months, a move that may be seen as a desperate attempt to recover lost capacity. This limited expansion, coming at a time when the company's stock price is hovering around €301.07, has raised eyebrows among investors who had grown accustomed to the steady linear growth that has defined AIRBUS SE (AIR)'s trajectory in recent years.

The rationale behind this hiring spree is rooted in the company's efforts to bolster its product line, particularly in the wake of stagnant demand for certain models. Despite experiencing stable growth, AIRBUS SE (AIR) has faced significant challenges in maintaining production levels, prompting the need for strategic investments in new technologies and talent acquisition. By bolstering its workforce, the company aims to enhance its operational efficiency and better position itself to capitalize on emerging trends in the aerospace industry, all while navigating a complex market landscape where its stock price could potentially fluctuate within the range of €249.54 to €379.80.

The new roles will be concentrated in key locations such as Toulouse and Hamburg, with a focus on recruiting skilled engineers, technicians, and production specialists. AIRBUS SE (AIR) is offering competitive signing bonuses and remote work options to attract top talent, as well as investing in comprehensive training programs to ensure that new hires are equipped to drive innovation and growth. As the company moves forward with this strategic expansion, it remains to be seen whether this concerted effort will be sufficient to reinvigorate AIRBUS SE (AIR)'s growth trajectory, but one thing is certain – the success of this endeavor will have far-reaching implications for the company's future prospects and its ability to maintain its position as a leader in the aerospace industry.";negative
